,authors,texts,witnesses,nwitnesses
0,Christan von Luppin,"›Ach got, wes zichet mich du̍ vroͮwe min‹",C,1
1,,›Ach unde owe her tot waz habn uch getan‹,B₁,1
2,,"›Ach, winter, din gewalt‹","B,C",2
3,Bruno von Hornberg,"›Achtent, wie mir were‹",C,1
4,Heinrich von der Mure,"›Ahy, nu sol du̍ welt lâssen manige swere‹",C,1
5,,›Ain maister maisterleichen sass mit werch ob seinem tichte‹,"C,C,J,J,B₃,B₃,K,M₂,k,m₂",10
6,Rubin,›Ain raine hohgemuͤte‹,"A,B,C",3
7,Hiltbolt von Schwangau,›Ain schappel brun unde underwilent ie blang‹,"B,C",2
8,,›Ain wip mag wol erloͮben mir‹,"B,C",2
9,Alram/Waltram von Gresten,›Al der werlte hôhe‹,"A,C,C,R,c",5
10,Ulrich von Liechtenstein,"›Alle, die in hohem muͦte wellen sin‹","C,L",2
11,,›Aller selde ain selig wip‹,"A,B,C",3
12,Reinmar,›Aller selde ein selic wib‹,"A,B,C",3
13,Reinmar der Fiedler,›Aller selden selic wip‹,"A,B,C",3
14,Konrad von Würzburg,"›Almehtic schepfer, den ich ob den ku̍nigen allen prise‹","C,J,B₃,k,m₂",5
15,Reinmar von Brennenberg,"›Als ich stan unde denke, wa ich si hab gesehen‹","C,N,f₁,k",4
16,Friedrich von Hausen,›An der genaden al min froͤide stat‹,C,1
17,Konrad von Würzburg,›An lu̍ten hat du̍ gotes kraft‹,"C,k",2
18,Konrad von Kirchberg,"›Anger, walt, du̍ liehte heide breit‹",C,1
19,Konrad von Würzburg,›Aspis ein wurn geheissen ist‹,"C,k",2
20,,›Asspis ein slang geheissen ist‹,"C,C,C,C,k",5
21,Frauenlob (Heinrich von Meißen),›Auß hoher abentewer ein su̍sse wirdigkeit‹,"C,f,f",3
22,Gottfried von Neifen,"›Beschiht des niht, so muͦs ich eine‹",C,1
23,Ulrich von Winterstetten,›Bi liebe lag‹,C,1
24,Ulrich von Liechtenstein,›Bi so grôssen ungelingen‹,"C,L",2
25,Hawart,›Crist enbu̍tet sinu̍ mere‹,"A,C",2
26,,"›Danc hab der edel furste, der bi sime leben‹",B₁,1
27,Der Kol von Niunzen,›Dank habe ir hochgelopter nam‹,C,1
28,Konrad von Würzburg,"›Das die milten also fruͤge sterbent, die nah prise werbent‹","C,k",2
29,Rudolf von Rotenburg,›Das erste leit daz erste wib‹,C,1
30,Hiltbolt von Schwangau,›Das herze ist mir vor leide nah verswunden‹,C,1
31,Hiltbolt von Schwangau,›Das ich den muͦt iemer von ir bekere‹,"B,C",2
32,Der Kol von Niunzen,›Das si mir dike stritekliche hat verseit‹,C,1
33,Reinmar der Fiedler,›Daz erste wip dem ersten man den ersten schaden riet‹,A,1
34,Meister Reymar,›Daz eyme wol getzogenen man‹,Z₁,1
35,Konrad von Würzburg,›Dem adelarn von Rome werdeklichen ist gelungen‹,C,1
36,Reinmar,›Dem gelich entuͦn ich niht‹,"A,C",2
37,Reinmar,›Dem ich alsolher eren sol‹,"A,B,B₂,C,C,C,E",7
38,Hiltbolt von Schwangau,"›Dem ku̍nige fuͤre ich, swar er wil, den lib‹","A,C,C",3
39,Markgraf von Hohenburg,"›Deme ku̍nege, dem vure ich, swar er wil, den lip‹","A,C,C",3
40,Wolfram von Eschenbach,›Den morgenblich bi wahtæres sange erchos‹,G,1
41,Konrad von Würzburg,›Der biber ist rilicher vil danne genuͦge herren schinen‹,C,1
42,Leuthold von Seven,›Der die schonen zit mit vroiden huͦre waz‹,A,1
43,,›Der helden minne ir clage‹,"B,C",2
44,Wolfram von Eschenbach,›Der helden minne ir klage‹,"B,C",2
45,,›Der hohin inffil unde dem edilin krummin stab‹,B₁,1
46,Alram/Waltram von Gresten,›Der ich gab vu̍r eigen mich gar minu̍ jar‹,"A,C",2
47,Markgraf von Hohenburg,›Der ich gab vur eigen mich gar minu̍ jar‹,"A,C",2
48,Konrad von Würzburg,›Der karge riche vert von hus‹,"C,k",2
49,Rubin,›Der liebe sumer ku̍nde schoͤner niht gesin‹,"A,B,C",3
50,,›Der lieber sumer kunde schoner nith gesin‹,"A,B,C",3
51,Der Wilde Alexander,›Der meie ist komen gar wunneklich‹,C,1
52,Reinmar von Brennenberg,›Der meie ist komen gar wunneklich‹,C,1
53,Christan von Hamle,›Der meie kumt mit schalle‹,C,1
54,Konrad von Würzburg,›Der Mîssener hat sanges hort in sines herzen schrine‹,C,1
55,Konrad von Würzburg,›Der nit sin vas vil tunkel verwet als ein bleich gehilwe‹,"C,J",2
56,Der Schulmeister von Esslingen,›Der Scharle hat dru̍ spil verpflicht‹,C,1
57,Regenbogen,›Der siben ku̍nst hoch gelobt wirdi treit‹,C,1
58,Ulrich von Winterstetten,›Der sumer mit gewalde hat‹,C,1
59,Hugo von Werbenwag,›Der sumer sumerbernde kumt‹,C,1
60,,›Der sumer unde alle sin schone unde och sin wunne‹,"A,C",2
61,Ulrich von Winterstetten,›Der tag uns nahet‹,C,1
62,Rubin,›Der vogele suͦzez schallen‹,"A,B,C",3
63,,›Der wahter sanc von minnin wol‹,"A,C",2
64,Von Wissenlo,›Der wahter sang von minnen wol‹,"A,C",2
65,Walther von Mezze,›Der walt in gruͤner varwe stat‹,A,1
66,Gedrut,›Der walt und diu heide breit‹,"A,C",2
67,Geltar,›Der walt unde du̍ heide breit‹,"A,C",2
68,Walther von Breisach,"›Der welte schepfer, himelscher ku̍nc, gedriet eine‹",C,1
69,Ulrich von Liechtenstein,›Der werlde trost unde al ir werdekeit‹,"C,L",2
70,Dietmar von Aist,›Der winter were mir ain zit‹,"A,B,C",3
71,Heinrich von Veldeke,›Der winter were mir ein zit‹,"A,B,C",3
72,Konrad von Würzburg,›Des argen ore muͤsse sin verwâssen unde verduͤmet‹,C,1
73,Hiltbolt von Schwangau,"›Die besten, die man vinden kunde‹",C,1
74,Gedrut,›Die gemuͦten umbe nît‹,"A,C",2
75,Rubin und (?) Rüedeger,›Die gemuͦten umme niht‹,"A,C",2
76,Reinmar von Brennenberg,›Die ich us al der welte ze frowen habe erkorn‹,"C,k",2
77,,›Die Lib zu der Schonen sprach: ich ... gewert‹,"C,P₂,k",3
78,Friedrich der Knecht,›Die liehten liebe suͤsse tage reine‹,"A,C,C",3
79,Neidhart,›Die liehten liebe sumertage reine‹,"A,C,C",3
80,Leuthold von Seven,›Die liehten lieben suͦze tage reine‹,"A,C,C",3
81,Leuthold von Seven,›Die nu bi liebe slafen‹,A,1
82,Der Kanzler,›Die pfaffenfu̍rsten sint ir wirde ein teil beroͮbet‹,C,1
83,Reinmar der Junge,›Die wil ich nu lebe in so menegim leide‹,A,1
84,Reinmar von Brennenberg,"›Die wisen merken, wie mir senden ist beschehen‹","C,N",2
85,Walther von Mezze,"›Dir enbiuͤtet, edel riter guͦt‹",A,1
86,Der von Sachsendorf,›Dise liehten tage‹,C,1
87,Gedrut,›Dise truͤben tage‹,"A,C,R,c",4
88,Neidhart,›Dise truben tage‹,"A,C,R,c",4
89,Neidhart,›Dise truͤben tage‹,"A,C,R,c",4
90,Ulrich von Liechtenstein,"›Disu̍ liet, du̍ heissent frowwentanz‹","C,L",2
91,Der tugendhafte Schreiber,"›Diu heide leide ist worden bar, man hoͤret da‹",C,1
92,Walther von Mezze,›Diu linde ist an dem ende nu jarlanc lieht unde bloz‹,A,1
93,Leuthold von Seven,"›Diu vil minnecliche, die ich da meine‹","A,C",2
94,Friedrich der Knecht,"›Diu vil minnekliche, die ich da meine‹","A,C",2
95,Dietmar von Aist,›Diu werlt noch ir alten sitte‹,"B,C",2
96,Gottfried von Straßburg,›Diu zit ist wunneclich‹,"A,C",2
97,Konrad von Würzburg,›Do daz liehte morgenrot‹,C,1
98,Burkhard von Hohenfels,›Do der luft mit sunnen vu̍re‹,C,1
99,Der Wilde Alexander,›Do durch der werlde ummuͦzicheit‹,J,1
100,Hiltbolt von Schwangau,›Do ich beide gesach unde gehorte‹,C,1
101,Friedrich von Hausen,›Do ich von der guͦten schiet‹,"B,C",2
102,Hiltbolt von Schwangau,›Do ir versagen mir so nahe gie‹,C,1
103,Gottfried von Straßburg,"›Du rosenbluͦt, du giligenblat‹","B,C,K₁",3
104,,"›Du̍ rosenbluͦst, du̍ lylienblat‹","B,C,K₁",3
105,Ulrich von Liechtenstein,›Du̍ frowe guͦt‹,"A,C,C,L",4
106,Der von Obernburg,›Du̍ hohe froͤide an wiben lit‹,C,1
107,Reinmar von Brennenberg,›Du̍ Liebe zuͦ der Schonen sprach: ich bin gewert‹,"C,P₂,k",3
108,Der Kanzler,›Du̍ milte dem adel wol an stat‹,C,1
109,Der von Sachsendorf,›Du̍ min herze hat besessen‹,C,1
110,Gottfried von Neifen,"›Du̍ nahtegal, du̍ sang so wol‹",C,1
111,Burkhard von Hohenfels,›Du̍ suͤsse klare wunder tuͦt‹,C,1
112,Friedrich von Hausen,"›Du̍ suͤssen wort, du̍ habent mir getan‹",C,1
113,Burkhard von Hohenfels,›Du̍ vil selderiche machet‹,C,1
114,Reinmar,›Du̍ welt noch ir alten sitte‹,"B,C",2
115,Der Kanzler,›Eime herren wol gezême‹,C,1
116,,›Ein ander minne mach unminne heizen wol‹,M₃,1
117,Walther von Mezze,›Ein arzat ist min munt‹,"B,C",2
118,Wachsmut von Mühlhausen,›Ein bernde saf der minnen bluͤte‹,C,1
119,Burkhard von Hohenfels,"›Ein blic, ein wanc‹",C,1
120,Der Kanzler,›Ein esel in loͤwen hiute‹,C,1
121,Konrad von Würzburg,"›Ein frowe, du̍ mit ku̍sche unstet us ir gemuͤte ru̍tet‹","C,k,m₂",3
122,Der Kanzler,"›Ein herre, der vor schanden‹",C,1
123,Rudolf von Rotenburg,›Ein hoher muͦt mich singen tuͦt‹,C,1
124,Konrad von Würzburg,"›Ein hu̍bescher hunt, der spilte gegen sinem herren schone‹","C,f",2
125,Der Kanzler,›Ein infel unde ein crone‹,"C,B₃",2
126,Der Schulmeister von Esslingen,›Ein ku̍nig hie mit gewalte vert‹,C,1
127,Wilhelm von Heinzenburg,"›Ein kuslich munt, zwei rosevarwe wange‹",C,1
128,Konrad von Würzburg,›Ein loͤwe einen spiegel kos‹,C,1
129,Ulrich von Liechtenstein,›Ein man bedarf wol sinne‹,"C,L",2
130,Rudolf der Schreiber,"›Ein mu̍ndel rot, zwo brune bra‹",C,1
131,,›Ein reine hohgimuͤte‹,"A,B,C",3
132,,›Ein rich gewaltig hohir kuͦnig was hie bevor‹,"D,k,h,s₁,db₃,db₄",6
133,,"›Ein reicher, mechtiger künig, der was hie bevor‹","D,k,h,s₁,db₃,db₄",6
134,Von Wissenlo,"›Ein ritter, der hat sinen lip‹",C,1
135,Konrad von Würzburg,"›Ein ritter, der niht wete habe von golde noch von siden‹","C,J",2
136,,›Ein schone magit‹,"A,C,C,L",4
137,Der tugendhafte Schreiber,›Ein selig wib mit vil wiplicher guͤte‹,C,1
138,Der Kanzler,›Ein tier ist wunderlicher art‹,C,1
139,Der Kanzler,›Ein trages sneggen slichen‹,C,1
140,Der von Buchein,"›Ein vederspil, daz vahet‹",C,1
141,Der Kanzler,›Ein vuhs zeinem rappen sprach‹,C,1
142,Wolfram von Eschenbach,›Ein wib mag wol erloͮben mir‹,"B,C",2
143,Der Wilde Alexander,›Ein wunder in der werlde vert‹,"C,J",2
144,Konrad von Würzburg,"›Einen kargen wilent des bevilte, daz ein man sich milte‹","C,k",2
145,,"›Eins mals ein richen kargen daz bevilte, so daz ein armer milte‹","C,C,k",3
146,Der Kanzler,›Er bit ku̍nste unde sinnes rat‹,C,1
147,Ulrich von Liechtenstein,›Er ist komen wider mit gewalde‹,"A,C,C,L,L",5
148,Ulrich von Liechtenstein,"›Er tore vil tumbe, des lib si gehas‹","C,L",2
149,Ulrich von Liechtenstein,"›Eregernden ritter, lat u̍ch schoͮwen‹","C,L",2
150,Gottfried von Neifen,›Es fuͦr ein bu̍ttenere‹,C,1
151,Burggraf von Lienz,›Es gieng ein juncvrowe minneklich‹,C,1
152,Hiltbolt von Schwangau,"›Es ist ain reht, das ich lasse den muͦt‹","B,C",2
153,Ulrich von Winterstetten,›Es ist gar unmassen lang‹,C,1
154,Der tugendhafte Schreiber,›Es ist in den walt gesungen‹,C,1
155,Ulrich von Winterstetten,"›Es ist niht lang, daz ich mit einer minneklichen frowen‹",C,1
156,Dietmar von Aist,›Es stuͦnt ein froͮwe alleine‹,C,1
157,Wenzel von Böhmen,›Es taget unmassen schone‹,C,1
158,Friedrich von Hausen,›Es were ein wunneklichu̍ zit‹,"B,C,C",3
159,Friedrich von Hausen,"›Es wirt ain man, der sinne hat‹","A,B,B,B₂,C",5
160,Der Wilde Alexander,›Eyn hirte bant synen tobenden hunt‹,J,1
161,Konrad von Würzburg,›Eyn lob gebluͦmet vert in hoher werdicheite solde‹,J,1
162,,"›Eyn minnen dyef, der lieflich stilt‹","J,N",2
163,,›Eyn valke uf eyme strigge wart‹,N,1
164,Der Wilde Alexander,›Eyn vox mit eyme daxe streit‹,J,1
165,Reinmar der Fiedler,›Es ist in vil swere‹,"A,C",2
166,Reinmar der Fiedler,›Ez ist in vil swere‹,"A,C",2
167,Wolfram von Eschenbach,"›Ez ist nu tac, daz ich wol mac mit warheit jehen‹","A,C",2
168,Leuthold von Seven,"›Ez ist wol, daz wir die lieben heide‹",A,1
169,Reinmar der Fiedler,›Ez waz ein ku̍nig gewaltic unde riche‹,"A,C",2
170,Reinmar,"›Ez wirt ein man, der sinne hat‹","A,B,B,B₂,C",5
171,Rudolf von Rotenburg,"›Ez wirt ein man, der sinne hat‹","A,B,B,B₂,C",5
172,Der Kanzler,›Fenix ein vogel ist genant‹,"C,B₃",2
173,Ulrich von Liechtenstein,"›Flu̍ch, flu̍ch, truren, von uns verre‹","C,L",2
174,Hugo von Werbenwag,›Froͤidenricher suͤsser meîe‹,C,1
175,Der Püller,"›Froͤit u̍ch, eregernden leien‹",C,1
176,Ulrich von Liechtenstein,"›Froͤit u̍ch, minnegernde man‹","C,L",2
177,Brunwart von Augheim,"›Froͤit u̍ch, wesent fro‹",C,1
178,Hugo von Werbenwag,"›Froͤmde wunder, froͤlich ere‹",C,1
179,Ulrich von Liechtenstein,"›Froͮwe schoͤne, froͮwe reine‹","C,L",2
180,Dietmar von Aist,"›Froͮwe, mines libes froͮwe‹",C,1
181,Konrad von Würzburg,"›Frowe aller froͤide, ich lobe an dir, daz du den got gebere‹","C,J,B₃,K,M₂,k,k",7
182,Konrad von Würzburg,"›Frowe aller tugende, ich lobe an dir, daz du den got gebere‹","C,J,B₃,K,M₂,k,k",7
183,Ulrich von Liechtenstein,"›Frowe min, got gebe dir guͦten morgen‹","C,L",2
184,Hiltbolt von Schwangau,"›Frowe, ich rede es mit u̍wern hulden‹",C,1
185,Walther von der Vogelweide,"›Frowe, lânt u̍ch niht verdriessen‹","A,C,E",3
186,Leuthold von Seven,"›Frowe, lat uch niht verdriezen‹","A,C,E",3
187,Ulrich von Liechtenstein,"›Frowe, miner froͤiden frowe‹","C,L",2
188,Der tugendhafte Schreiber,"›Frowe, mines herzen trost alleine‹",C,1
189,Ulrich von Liechtenstein,"›Frowe, selig frowe min‹","C,L",2
190,Reinmar,"›Frowe, tuͦ des ich dich bitte‹","A,C",2
191,Reinmar der Fiedler,"›Frowe, tuͦ, des ich dich bitte‹","A,C",2
192,Regenbogen,›Funf hande tugend sol ein reine vroͮwe pflegen‹,C,1
193,Konrad von Würzburg,›Gar bar lit wit walt‹,C,1
194,Dietmar von Aist,"›Gedenke, die sint ledig, fri‹","B,C",2
195,Friedrich von Hausen,›Gelebt ich noch die lieben zit‹,C,1
196,Ulrich von Liechtenstein,"›Gelu̍ke, daz get wunderlichen an unde abe;‹",C,1
197,Der Kanzler,"›Gelu̍ke, wol man din bedarf‹",C,1
198,Konrad von Würzburg,"›Genu̍htig man an sippeschefte, pruͤve in dem sinne‹",C,1
199,Rudolf von Rotenburg,›Getorste ich iu mins willen sagen‹,"A,C",2
200,Der Kanzler,›Gewalt bi grossem guͦte‹,C,1
201,Ulrich von Liechtenstein,›Got fuge mirz zeguͦte‹,L,1
202,Neidhart,›Got geb der lieben guten tag‹,"A,C,E,U,c",5
203,Konrad von Würzburg,"›Got gewaltic, was du schikest‹",C,1
204,,"›Got grüß dich, frauwe ob allen frauwen, ich bin wunt‹","C,C,C,N,f₁,k,k,g₁,g₁",9
205,Rubin,›Got hat uns aber san gemant‹,"A,C",2
206,,"›Got here, waz tu wunders an dir selven hast gescicket‹","C,J,B₃,K,M₂,k,m₂",7
207,Konrad von Würzburg,"›Got herre, ân anegenge unde oͮch an ende, almehtig got‹",C,1
208,Der Schulmeister von Esslingen,"›Got herre, nu warte umbe dich‹",C,1
209,Konrad von Würzburg,"›Got herre, was du wunders an dir selben hast geschiket‹","C,J,B₃,K,M₂,k,m₂",7
210,Der Schulmeister von Esslingen,›Got unde der ku̍nig wolten kriegen sunder wân‹,C,1
211,Reinmar der Fiedler,"›Got welle sone welle, doch so singet der von Seven‹",A,1
212,Konrad von Würzburg,›Got wil ze jungest sinen tot verwîssen uns vil armen‹,"C,k",2
213,Der Kanzler,"›Got, schepher aller dingen‹","C,B₃,b",3
214,,"›Got, schoͤpffer aller dingen‹","C,C,B₃,b",4
215,Ulrich von Liechtenstein,"›Gote willekomen, min herre‹","C,L",2
216,Ulrich von Liechtenstein,›Guͤtlich sol ein iegslich wib‹,"C,L",2
217,Wolfram von Eschenbach,"›Guͦt wib, ich bitte dich minne‹",C,1
218,Ulrich von Liechtenstein,"›Guͦt wib, miner froͤiden lere‹","C,L",2
219,Günther von dem Forste,›Guͦten lu̍ten wil ich kenden‹,"A,C",2
220,Der tugendhafte Schreiber,"›Guͦten wib, wol u̍ch der eren‹",C,1
221,Heinrich von Rugge,"›Habe ich fru̍nt, die wu̍nschen ir‹","A,B,C,C",4
222,Reinmar,"›Habe ich fru̍nt, die wu̍nschen ir‹","A,B,C,C",4
223,Ulrich von Munegiur,›Habe ich si da fu̍r niht erkorn‹,"B,C",2
224,Rubin,›Han ich niht mit der nahtegal gesungen‹,"A,B,C",3
225,Der Kanzler,›Hat ieman sin so snellen‹,"C,b",2
226,,›Hebet sydus leti visus‹,"A,C,M,M,S",5
227,Dietmar von Aist,"›Hei, nu kumet u̍ns du̍ zit der clainen vogellinen sang‹","A,B,C",3
228,Konrad von Würzburg,›Heide mit kleide zieret sich gar ane we‹,C,1
229,Ulrich von Winterstetten,›Heide unde anger‹,C,1
230,,›Heide unde anger stuͦnt in bluͤte‹,"C,P₁,P₁",3
231,Ulrich von Winterstetten,›Heide walt unde anger wol bekleit‹,C,1
232,Konrad von Würzburg,"›Heide, velt, berg unde tal‹",C,1
233,Der Kanzler,"›Helfent mir, ir leigen, meien klagen‹",C,1
234,Der Wilde Alexander,›Her Gawin stic noch straze vant‹,J,1
235,Der tugendhafte Schreiber,"›Her Kei, meister unde vru̍nt, ir sit so zu̍hte wis‹","C,J",2
236,Stolle,"›Her Keye, meister unde vriunt, ir sit so tzuchten wis‹","C,J",2
237,Der Wilde Alexander,›Her ne kan nicht wol rosen phlegen‹,"J,N",2
238,Der Wilde Alexander,"›Herre got, dir sungen schone‹",J,1
239,Wilhelm von Heinzenburg,"›Herre, wenne sol ich si sehen‹","B,C",2
240,Der von Buchein,"›Herze, du bist ane sin‹","C,C",2
241,Heinrich von der Mure,"›Herze, du bist ane sinn‹","C,C",2
242,Gedrut,"›Het ich einen kneht, der sunge lihte von siner frowen‹","A,C",2
243,Geltar,"›Het ich einen kneht, der sunge lihte von siner frowen‹","A,C",2
244,Rudolf von Rotenburg,›Hete ich niht anders leides me‹,"A,C,C",3
245,Wachsmut von Künzingen,"›Hete ich, swas ich gerne hete‹",C,1
246,Walther von Mezze,›Hetin nu die bluͦmen den gewalt‹,A,1
247,Ulrich von Winterstetten,›Het mich der winter bas verlassen‹,C,1
248,Konrad von Kirchberg,"›Hey, winter, din gewalt‹","B,C",2
249,Der Wilde Alexander,"›Hie bevorn, do wir kynder waren‹",J,1
250,Ulrich von Liechtenstein,›Hie ist des meien hohgezit‹,"C,L",2
251,Konrad von Kirchberg,"›Hoͤrent, wie du̍ frîe nahtegal‹",C,1
252,Ulrich von Liechtenstein,"›Hoher muͦt, nu wis enpfangen‹","C,L",2
253,Konrad von Würzburg,›Hohvertig schalc enmac niht lange rihsen bi gelu̍ke‹,C,1
254,Walther von der Vogelweide,›Hu̍te gebe ir got vil guͦten tac‹,"A,C,E,U,c",5
255,Konrad von Würzburg,"›Husere ist ein genade rich, du̍ froͤmden gast‹",C,1
256,Gottfried von Neifen,"›Hy, wie wunnenklich du̍ heide‹",C,1
257,Der Schulmeister von Esslingen,›Ich bin an minnen worden las‹,C,1
258,Christan von Hamle,"›Ich bin der, der lieben liebu̍ mere singet‹",C,1
259,Heinrich von Veldeke,"›Ich bin dir lange holt gewesen, frowe biderb unde guͦt‹","A,B,C",3
260,Ulrich von Liechtenstein,›Ich bin her bi minen stunden‹,C,1
261,Ulrich von Liechtenstein,›Ich bin hohes muͦtes‹,"C,L",2
262,Der von Obernburg,›Ich bin in min herze wunt‹,C,1
263,Leuthold von Seven,›Ich bin mit rehter stete einem guͦten riter undertan‹,"A,C",2
264,Burggraf von Regensburg,›Ich bin mit rehter stete einem guͦten ritter undertan‹,"A,C",2
265,Frauenlob (Heinrich von Meißen),"›Ich clage dir, may, ich clage dir, sumerwunne‹","C,M₁,f",3
266,Heinrich von Breslau,"›Ich clage dir, meie, ich clage dir, sumerwunne‹","C,M₁,f",3
267,Friedrich von Hausen,›Ich denke underwilen‹,"B,C",2
268,Leuthold von Seven,›Ich enkan mit minem sange‹,"A,B,C,N,P₁",5
269,Ulrich von Liechtenstein,"›Ich enweis, was ich singe‹","C,L",2
270,Christan von Luppin,›Ich enwil nu nicht mer truren‹,C,1
271,Christan von Luppin,›Ich froͤwe mich gen dem meijen nichtes nicht‹,C,1
272,König Konrad der Junge,›Ich froͤwe mich maniger bluͦmen rot‹,C,1
273,Gedrut,›Ich gesach den walt und al die heide‹,"A,R,c",3
274,Neidhart,›Ich gesah den walt unde all die heide‹,"A,R,c",3
275,Der Kanzler,›Ich hab mich underwunden‹,C,1
276,Walther von Mezze,"›Ich habe ein herze, daz mir sol‹","C,E,S",3
277,Hiltbolt von Schwangau,›Ich han den geloͮben in dem muͦte‹,"B,C",2
278,,›Ich han dry kempen so gedüret und gewegen‹,"C,k,s₁",3
279,Walther von der Vogelweide,"›Ich han ein hertze, daz mir noch sol‹","C,E,S",3
280,Geltar,›Ich han ein wib ersehen‹,"A,C",2
281,Gedrut,›Ich han ein wip ersehen‹,"A,C",2
282,Markgraf von Hohenburg,›Ich han erwelt mir selbe suͦzen kumber‹,"A,B,C",3
283,Otto von Botenlauben,›Ich han erwelt mir selben suͤssen kumber‹,"A,B,C",3
284,Ulrich von Munegiur,"›Ich han gesehen alle wile, daz ere‹",C,1
285,Walther von Breisach,›Ich han gevraget unde wil oͮch iemer vragen‹,C,1
286,Reinmar von Brennenberg,›Ich han got unde die minneklichen Mînne‹,C,1
287,Friedrich von Hausen,"›Ich han ie gedaht, wie ain wip wesen solte‹","A,B,C",3
288,Günther von dem Forste,›Ich han liep mit seneder leide‹,"A,C",2
289,Reinmar von Brennenberg,"›Ich han mir funden eine reinen, suͤssen fruht‹",C,1
290,Otto IV. von Brandenburg,›Ich hate ze froͤiden minen muͦt‹,C,1
291,,"›Ich hayn eyn hertz, das mich zol‹","C,E,S",3
292,Der von Suonegge,›Ich het disen lieben sumer‹,C,1
293,Markgraf von Hohenburg,"›Ich het ie gedaht, wie ein wip wesen solde‹","A,B,C",3
294,Gottfried von Neifen,›Ich hoͤre aber die vogel singen‹,C,1
295,Leuthold von Seven,›Ich hore manegen vragen‹,A,1
296,Ulrich von Gutenburg,›Ich horte ain merliken wol singen‹,"B,C",2
297,,"›Ich kam geslichen, da ich taugentlichen vant‹","C,P₂,k",3
298,Der von Buchein,"›Ich klage dir, edelu̍ frowe here‹","C,C",2
299,Der von Trostberg,"›Ich klage dir, edelu̍ frowe here‹","C,C",2
300,Friedrich von Hausen,›Ich kom von minne in kumber gros‹,"B,B,C",3
301,,›Ich lag eins nachtz in slaffes gier‹,"C,C,k",3
302,Walther von Mezze,›Ich lide zweier hande haz‹,"A,C",2
303,Friedrich von Hausen,›Ich lobe got der siner guͤte‹,"B,C",2
304,Der Püller,›Ich muͦs ane trost beliben‹,C,1
305,Friedrich von Hausen,"›Ich muͦs von schulden sin unvro, sit si jach, do ich bi ir was‹","B,C,C",3
306,Konrad von Würzburg,›Ich pruͤve unde ku̍se‹,C,1
307,Der Kol von Niunzen,"›Ich sas bi miner froͮwen, bis mir begunde stân‹",C,1
308,Konrad von Würzburg,›Ich sihe den morgensternen glesten‹,C,1
309,Friedrich von Hausen,"›Ich sihe wol, das got wunder kan‹","B,C",2
310,Walther von Breisach,›Ich sing unde solte weinen‹,C,1
311,Gedrut,›Ich singe sunder minen danc‹,"A,A,A,B,C",5
312,Rubin,›Ich singe sunder minen dank‹,"A,A,A,B,C",5
313,Ulrich von Winterstetten,›Ich solde den liehten sumer loben‹,C,1
314,Gottfried von Neifen,›Ich solt aber dur die suͤssen‹,C,1
315,Konrad von Würzburg,›Ich solt aber singen von den rosen rot‹,C,1
316,Rubin,›Ich solt ein lu̍zel miner langen swere klagen‹,"A,B,C",3
317,,›Ich solte ein luzil miner langen swere clagen‹,"A,B,C",3
318,Dietmar von Aist,›Ich suͦchte guͦter fru̍nde rat‹,"A,C",2
319,Leuthold von Seven,›Ich suhte guͦter vru̍nde rat‹,"A,C",2
320,Rudolf von Rotenburg,›Ich tete gerne schin grôssen pin‹,C,1
321,Der Wilde Alexander,›Ich viel eynen gar sweren val‹,J,1
322,Markgraf von Hohenburg,›Ich wache umb eines riters lib‹,"A,C,O₂",3
323,Niune,›Ich wache umbe eines ritters lip‹,"A,C,O₂",3
324,,›Ich wache umbe eyns ritters lif‹,"A,C,O₂",3
325,Der Kanzler,"›Ich wand ie, daz wiblich guͤte‹",C,1
326,Friedrich von Hausen,›Ich wande ledig sin von solicher swere‹,"B,B,C",3
327,Otto IV. von Brandenburg,"›Ich wande, daz ich jarlang hete‹",C,1
328,Konrad von Würzburg,"›Ich weis wol, daz des kargen muͦt‹","C,k",2
329,Ulrich von Winterstetten,›Ich wil aber disen sang‹,C,1
330,Ulrich von Winterstetten,›Ich wil aber singen‹,C,1
331,Ulrich von Winterstetten,›Ich wil allen lu̍ten betu̍ten mis herzen klage‹,C,1
332,Heinrich von Anhalt,›Ich wil den winter enphahen mit gesange‹,"A,C",2
333,Hiltbolt von Schwangau,›Ich wil der lieben aber singen‹,C,1
334,Ulrich von Winterstetten,›Ich wil der vil lieben singen disen sang‹,C,1
335,Der Wilde Alexander,›Ich wil des alle vrouwen biten‹,J,1
336,Burkhard von Hohenfels,›Ich wil die vil guͦten vlehen‹,C,1
337,Hawart,"›Ich wil dir, herre Jesus, der vil reinen megede kinde‹","A,C",2
338,Reinmar,"›Ich wil dir, selic frauwe, minneclichen singen‹","A,A,C,E",4
339,Ulrich von Liechtenstein,›Ich wil durch die vrowen min‹,"C,L",2
340,Rudolf von Rotenburg,›Ich wil in miner froͮwen namen‹,C,1
341,Burkhard von Hohenfels,›Ich wil min gemuͤte erjetten‹,C,1
342,Ulrich von Singenberg,›Ich wil mit froͤiderichem muͦte‹,"A,A,C,C",4
343,Markgraf von Hohenburg,›Ich wil nu den wolgemuͦten singen‹,"B,C,C",3
344,Friedrich von Hausen,›Ich wil nu den wolgemuͦten singen‹,"B,C,C",3
345,Burkhard von Hohenfels,›Ich wil reigen‹,C,1
346,Rudolf von Rotenburg,›Ich wil singen unde lachen‹,C,1
347,Rubin,›Ich wil urlop von vru̍nden nemen‹,"A,B,C",3
348,Der von Obernburg,›Ich wil wol von wibes guͤte‹,C,1
349,Der von Obernburg,"›Ich wil, daz man mir dur die guͦten si gehas‹",C,1
350,Gottfried von Neifen,›Ich wolde niht erwinden‹,C,1
351,Heinrich III. von Meißen,›Ich wolte gar von froͤiden gan‹,"C,C",2
352,Christan von Hamle,"›Ich wolte, daz der anger sprechen solte‹",C,1
353,Hiltbolt von Schwangau,"›Ich wurde vro, kunde ich verdienen das‹",C,1
354,Ulrich von Liechtenstein,›In dem luftesuͤssen meyen‹,"C,L",2
355,Ulrich von Liechtenstein,›In dem walde suͤsse doͤne‹,"C,L",2
356,Leuthold von Seven,›In dem walde unde uf der gruͤnen haide‹,"A,B,C",3
357,Der Junge Spervogel,›In dem walde unde uf der gruͦnen heide‹,"A,B,C",3
358,Hiltbolt von Schwangau,›In den sumerlichen tagen hohe stat‹,C,1
359,Der von Sachsendorf,›In disem nu̍wen done‹,C,1
360,Friedrich von Hausen,›In minem trome ich sach‹,"B,C",2
361,Friedrich von Hausen,›In minem troͮme ich sach‹,"B,C",2
362,Rudolf von Rotenburg,›In minen besten freuden ich saz‹,"A,B,B₂,C,C,C,E",7
363,Friedrich von Hausen,›In minen besten vroͤden ich sas‹,"A,B,B₂,C,C,C,E",7
364,Reinmar,›In miner bestin froide ich saz‹,"A,B,B₂,C,C,C,E",7
365,Der Kanzler,"›In stetten, uf bu̍rgen widerpart‹",C,1
366,Hartmann von Starkenberg,"›In weis niht, was es mich hat vervangen‹",C,1
367,,"›Ir bernden himel, neigent iu̍ch har‹","B,C,K₁",3
368,Konrad von Würzburg,"›Ir edelen tumben, wes lant ir u̍ch gerne toren triegen‹",C,1
369,Ulrich von Liechtenstein,"›Ir edeln froͮwen, ir vil reinen minneklichen wib‹","C,L",2
370,Der von Obernburg,›Ir minnekliche minne mir betwungen hat‹,C,1
371,Reinmar von Brennenberg,"›Ir munt, der lu̍htet, als der liehte rubin tuͦt‹","C,N,k,g₁",4
372,Der Schulmeister von Esslingen,›Ir nement des riches schiltes war‹,C,1
373,Regenbogen,"›Ir pfaffen unde ir ritter, tribent von u̍ch nît‹","C,k,s₁",3
374,Rudolf von Rotenburg,"›Ir sult mir, selic vrowe, ein wort‹","A,C",2
375,Wachsmut von Künzingen,›Ist du̍ liebe nach ir schoͤne guͦt‹,"B,B,C",3
376,Albrecht von Haigerloch,›Ist ieman in der welte bas‹,C,1
377,Ulrich von Winterstetten,›Ist iht mere schoͤnes‹,C,1
378,Der tugendhafte Schreiber,›Iz sol uz schalches munde‹,M₃,1
379,Konrad von Würzburg,›Jarlanc scheiden wil du̍ linde‹,C,1
380,Konrad von Würzburg,›Jarlanc treit‹,C,1
381,Konrad von Würzburg,›Jarlanc uf der heide breit‹,C,1
382,Konrad von Würzburg,›Jarlanc von dem kalten sne‹,"C,P₁",2
383,Konrad von Würzburg,›Jarlanc vrijet sich du̍ gruͤne linde‹,C,1
384,Konrad von Würzburg,›Jarlanc wil du̍ heide mit leide‹,C,1
385,Konrad von Würzburg,›Jarlanc wil du̍ linde‹,C,1
386,Konrad von Würzburg,›Jarlanc wil du̍ linde von winde sich velwen‹,C,1
387,,›Jarlang me von dem kalten sne‹,"C,P₁",2
388,Brunwart von Augheim,›Jarlang valwent uf der heide‹,C,1
389,Wachsmut von Mühlhausen,"›Juncherre, ich han grosse huͦter‹",C,1
390,Rudolf von Rotenburg,"›Junge unde alt, ir helfent alle froͤide meren‹","A,C,C",3
391,Niune,"›Junge unde alte, ir helfent alle vreide meren‹","A,C,C",3
392,Hiltbolt von Schwangau,›Kalten rifen unde sne‹,"B,C",2
393,Gottfried von Straßburg,"›Kint, unde welle dich gelu̍ke miden‹",C,1
394,Hugo von Werbenwag,›Koͤnde ich lob ze dem besten bringen‹,C,1
395,Ulrich von Winterstetten,›Komen ist der winter kalt‹,C,1
396,Ulrich von Winterstetten,›Komen ist der winter kalt‹,C,1
397,Rudolf von Rotenburg,›Kunde ich geloben die frowen min‹,C,1
398,Heinrich III. von Meißen,›Lassen wir die bluͦmen rot beliben‹,C,1
399,Der Kanzler,›Leider winter ungestalt‹,C,1
400,Heinrich von Morungen,›Leitliche blike unde grôsliche ru̍we‹,"B,C",2
401,Reinmar von Brennenberg,"›Lieber meie, nu ist din schoͤne‹",C,1
402,Reinmar von Brennenberg,"›Liebu̍ frowe, vil lieber denn noch liebers iht‹",C,1
403,Gottfried von Neifen,"›Liehter sumer, du̍ suͦsse wunne‹",C,1
404,Bruno von Hornberg,"›Loͮb, gras, bluͦmen, vogelsingen‹",C,1
405,Rubin,›Lob der reinen wibe mac‹,"A,C,E",3
406,Wilhelm von Heinzenburg,›Lob ich nu des meien guͤte‹,"A,C",2
407,Gottfried von Neifen,›Lob von mangen zungen‹,C,1
408,Wachsmut von Künzingen,›Lobe ich nu des meien guͦte‹,"A,C",2
409,Reinmar,›Lop der reinen wibe mac‹,"A,C,E",3
410,Gottfried von Neifen,"›Loup, gras, bluͦmen, vogelsingen‹",C,1
411,Ulrich von Liechtenstein,"›Lu̍te unde lant, die mohten mit genaden sin‹",C,1
412,Der Kanzler,"›Mag, ob mich liebet dir min guͦt‹",C,1
413,Von Wissenlo,›Man sol nu singen gegen dem tage‹,"A,C",2
414,Leuthold von Seven,›Man sol nu singen von deme tage‹,"A,C",2
415,Gedrut,›Maneger claget die schone zit‹,"A,C,C",3
416,Reinmar der Fiedler,›Meniger lat mich ungegruͤzet‹,"A,C",2
417,Reinmar der Fiedler,›Maneger lat mich ungegruͦzit‹,"A,C",2
418,Der Kanzler,›Manig herre mich des vraget‹,C,1
419,Rubin und (?) Rüedeger,›Maniger claget die schonen zît‹,"A,C,C",3
420,Wachsmut von Künzingen,"›Maniger giht, das man von schaden wise‹","B,C",2
421,Wolfram von Eschenbach,›Maniger klaget die schonen zit‹,"A,C,C",3
422,Konrad von Würzburg,"›Maniger nu von siner tugende gahet, der die schande enpfahet‹",C,1
423,Konrad von Würzburg,›Maniger wunne bilde‹,C,1
424,Dietmar von Aist,"›Maniger, der sprichet: nu sehent, wie der singet‹","B,C",2
425,,"›Maria, muter unde meyt, der engel keyserynne‹","C,J,B₃,K,M₂,k,k",7
426,Konrad von Würzburg,›Meie den gruͤnen walt‹,C,1
427,Rudolf der Schreiber,›Meie hat die liehten zit‹,C,1
428,Der Kanzler,"›Meie, dîn zit‹",C,1
429,Konrad von Kirchberg,›Meige ist komen in du̍ lant‹,C,1
430,Der von Scharfenberg,"›Meije, bis uns willekomen‹",C,1
431,Christan von Luppin,"›Meijen schin, din kunft mich froͤit vil kleine‹",C,1
432,Der Kanzler,›Menschlich vernunft gar sunder var‹,C,1
433,Konrad von Würzburg,"›Merke, ein hohgeborne jugent‹",C,1
434,Gottfried von Neifen,›Merkent wunder iemer mere‹,C,1
435,Alram/Waltram von Gresten,›Mich dunket niht so guͦtes noch so lobesam‹,"A,C",2
436,Niune,›Mich dunket niht so guͦtes noch so lobesam‹,"A,C",2
437,Gottfried von Neifen,›Mich entroͤstet niht der walt unde oͮch du̍ heide‹,C,1
438,Heinrich von Rugge,›Mich froͤit ane alle swere wol‹,"A,B,B₂,C,C,C,E",7
439,Rubin,›Mich hat ein lieber wan‹,"A,C",2
440,,›Mich hat ein lieber wan‹,"A,C",2
441,Burkhard von Hohenfels,"›Mich muͤt, daz so manger sprichet‹",C,1
442,Der Kanzler,›Mich vraget manig edel man‹,C,1
443,Der Kanzler,›Mich wundert harte sere‹,"C,B₃",2
444,Konrad von Würzburg,"›Mich wundert, daz ich mazzes ymmer willichlichen untbize‹","J,k",2
445,Der Kanzler,"›Mich wundert, ob verdorben si‹",C,1
446,Der Wilde Alexander,"›Mich wundert, sit daz ich ez las‹",J,1
447,Leuthold von Seven,"›Mich wundert, wie den lu̍ten si, die sich der eren schament‹",A,1
448,Konrad von Würzburg,›Milte zieret edeln muͦt‹,C,1
449,Otto von Botenlauben,›Min arzat ist min munt‹,"B,C",2
450,Friedrich von Hausen,›Min herze den geloͮben hat‹,"B,C",2
451,Burkhard von Hohenfels,›Min herze hat minen sin‹,C,1
452,Friedrich von Hausen,"›Min herze unde min lip, die wellent schaiden‹","B,B,C",3
453,Heinrich von Morungen,"›Min herze, ir schoͤne unde du̍ Minne des habent gesworn‹","B,C",2
454,Dietmar von Aist,"›Min herze, ir schoͤne unde du̍ Minne habent gesworn‹","B,C",2
455,Reinmar,›Ain liep ich mir vil nahe trage‹,"A,B,B,B₂,C",5
456,Ulrich von Liechtenstein,"›Min muͦt, der muͦs stigen iemer‹",C,1
457,Markgraf von Hohenburg,›Min oͮgen muͤssen dur das selic sin‹,"A,C,C",3
458,Heinrich von Veldeke,"›Min sendes denken, da bi mine sinne al gemeine‹","A,C,C,L",4
459,Niune,"›Min senedes denken, da bi mine sinne al gemeine‹","A,C,C,L",4
460,Der Wilde Alexander,›Min trurekliches klagen‹,"C,J,W",3
461,Konrad von Würzburg,›Minen muͦt‹,C,1
462,Ulrich von Winterstetten,›Minne fuͤget dike leit‹,C,1
463,Ulrich von Winterstetten,"›Minne twinget mich mit al ir kraft, daz ich‹",C,1
464,Der tugendhafte Schreiber,"›Minne was so tu̍re, daz man si mit guͦte‹",C,1
465,Der von Sachsendorf,"›Minne, bist du, so man seit, gewaltig guͦter wibe‹",C,1
466,Der tugendhafte Schreiber,"›Minne, ich wil dich iemer eren‹",C,1
467,Alram/Waltram von Gresten,"›Minne, ir habt mich so besweret‹","A,C",2
468,Niune,"›Minne, ir habt mich so besweret‹","A,C",2
469,Rudolf von Rotenburg,›Minnekliche ich von der minne sunge‹,"B,C,C",3
470,Leuthold von Seven,›Mir gab ein sinnic herze rat‹,"A,B,C,C",4
471,,"›Mir is, als ich niet levende si, wan ich intnucken sere‹","C,J,N,k,w₂",5
472,Bernger von Horheim,"›Mir ist alle zit, als ich fliegende var‹","B,C",2
473,Heinrich von Breslau,›Mir ist das herze worden fro‹,C,1
474,Friedrich von Hausen,›Mir ist das herze wunt‹,"B,C",2
475,Konrad von Würzburg,›Mir ist ein loser hoveschalk als ein kobolt von buhse‹,C,1
476,,›Mir ist liep mins herzen swere‹,"C,I,I₁",3
477,Der von Kolmas,›Mir ist von den kinden da her min tage‹,R₁,1
478,Bernger von Horheim,›Mir ist von liebe vil laide geschehen‹,"B,C",2
479,Konrad von Würzburg,"›Mir ist, als ich niht lebende si, swenne ich entnuke sere‹","C,J,N,k,w₂",5
480,,›Mir saget ein ellender pelegrim‹,"A,C,E,U,c",5
481,Rudolf von Rotenburg,›Mir seit ein ellender bilgerin‹,"A,C,E,U,c",5
482,Walther von der Vogelweide,›Mir sagt ein enlender bilgerin‹,"A,C,E,U,c",5
483,Hiltbolt von Schwangau,"›Mir tuͦt vil sanfte, swenne ich hoͤre, das‹","B,C",2
484,Walther von Mezze,›Mirst min altu̍ clage noch nu̍wer danne vert‹,"A,C",2
485,,›Mit dienste man gar lützel hüre erwirbet‹,"C,k",2
486,Der Schulmeister von Esslingen,›Mit dienste man iezunt harte kume guͦt erwirbet‹,"C,k",2
487,Christan von Hamle,"›Mit froͤlichem libe, mit armen umbevangen‹",C,1
488,Hartmann von Starkenberg,›Mit maniger hande varwe mischet‹,C,1
489,Walther von der Vogelweide,"›Muget ir schoͮwen, was dem meigen‹","A,C,M,M,S",5
490,Burkhard von Hohenfels,›Nach des arn sitte ir ere‹,C,1
491,Hartmann von Starkenberg,"›Neina, helfent fro beliben‹",C,1
492,Ulrich von Winterstetten,"›Nement war, wie gar waz der meige vollenbraht‹",C,1
493,Burkhard von Hohenfels,›Niden liden muͦz du̍ reine‹,C,1
494,Rubin,›Nieman an vroiden sol verzagen‹,"A,C",2
495,Konrad von Würzburg,›Nieman ist ane bresten gar‹,"C,k",2
496,,›Noch kunde ich guͦtin lutin wol‹,"A,A,A,B,C",5
497,Bernger von Horheim,›Nu enbais ich doch des trankes nie‹,"B,C",2
498,Ulrich von Liechtenstein,"›Nu froͤit u̍ch, minnegernde man‹","C,L",2
499,Niune,›Het ich niht anders leides me‹,"A,C,C",3
500,Niune,›Nu geit mir nach ein ander leit‹,"A,C,C",3
501,Konrad von Würzburg,›Nu git aber der suͤsse meie‹,"C,N",2
502,Gottfried von Neifen,"›Nu hat meige walt, heide, oͮwe‹",C,1
503,Der von Suonegge,›Nu hat rife unde oͮch der sne geswendet‹,C,1
504,Ulrich von Winterstetten,›Nu hat sich der sumer mit vil maniger hande kleide‹,C,1
505,Günther von dem Forste,"›Nu her, obe ieman kan verneme‹","A,C",2
506,Ulrich von Liechtenstein,"›Nu hilf, wibes guͤte‹","C,L",2
507,Ulrich von Winterstetten,›Nu ist der arge winter hie‹,C,1
508,Gösli von Ehenhein,›Nu ist der bluͤienden heide voget‹,C,1
509,Der Püller,›Nu ist der walt wol bekleidet uber al‹,C,1
510,Der Püller,›Nu ist du̍ heide in liehtem kleide‹,C,1
511,Gottfried von Neifen,›Nu ist du̍ heide wol bekleidet‹,"C,P₁",2
512,Ulrich von Winterstetten,›Nu ist du̍ liehte heide val‹,C,1
513,Dietmar von Aist,"›Nu ist es an ein ende komen, dar nach ie min herze ranc‹",C,1
514,Gottfried von Neifen,›Nu ist manig herze vro‹,C,1
515,Leuthold von Seven,›Nu ist mir aber leide‹,"A,C",2
516,Friedrich der Knecht,›Nu ist mir aber leide‹,"A,C",2
517,Niune,›Nu jarlanc stet vil hohe min muͦt‹,"A,C,C",3
518,Der Kol von Niunzen,›Nu jarlanc stet vil hohe min muͦt‹,"A,C,C",3
519,Gottfried von Neifen,›Nu klage ich der kleinen vogellin swêre‹,C,1
520,Hawart,›Nu kus ich an der vogel swigen‹,"A,C",2
521,Bernger von Horheim,›Nu lange ich mit sange die zit han geku̍ndet‹,C,1
522,Ulrich von Liechtenstein,"›Nu schoͮwent, wie des meyen zit‹","C,L",2
523,Gottfried von Neifen,"›Nu schowent, wie du̍ heide‹",C,1
524,Gottfried von Neifen,›Nu siht man aber die heide val‹,C,1
525,Gottfried von Neifen,›Nu siht man aber die wunneklichen heide‹,C,1
526,Gottfried von Neifen,›Nu siht man die gruͤnen heide‹,C,1
527,Gottfried von Neifen,›Nu siht man die heide breit‹,C,1
528,Heinrich III. von Meißen,›Nu sint die liehten langen sumertage‹,C,1
529,Gottfried von Neifen,›Nu stet du̍ liebe heide bar‹,C,1
530,Leuthold von Seven,›Nu wil aber der bluͦmen schin‹,"A,C",2
531,Friedrich der Knecht,›Nu wil aber der bluͦmen schin‹,"A,C",2
532,Leuthold von Seven,›Nu wil aber der cleinen vogele singen‹,"A,C",2
533,Friedrich der Knecht,›Nu wil aber der kleinen vogele singen‹,"A,C",2
534,Gottfried von Neifen,"›Nu wol uf! gruͤssen wir den suͤssen, der uns buͤssen wil des winters pin‹",C,1
535,Der von Stamheim,"›Nu wol uf, reigen vu̍r den walt‹","C,c",2
536,Rubin,"›Ob allem liebe liebu̍ frowe, lere‹",C,1
537,Der Kanzler,"›Ob himel ku̍nig, in himel vogt‹",C,1
538,Hawart,›Obe ez an minen eren mir geschaden niene mac‹,"A,C",2
539,,"›Ouwe, dat mir gebristit‹","C,B₃,N",3
540,Gottfried von Neifen,›Owe liehten tage‹,C,1
541,Markgraf von Hohenburg,"›Owe, das ich si îe gesach‹","B,C",2
542,Friedrich von Hausen,"›Owe, das ich si ie gesach‹","B,C",2
543,Rudolf von Rotenburg,"›Owe, das ich si miden sol‹",C,1
544,Ulrich von Liechtenstein,"›Owe, daz ich bi dem wolgemuͦten also lange muͦs beliben ungemuͦt‹","C,L",2
545,Rudolf von Rotenburg,"›Owe, daz ich ez mit der lieben ie begunde‹","A,C",2
546,Ulrich von Liechtenstein,"›Owe, daz ich han verlorn‹","C,L",2
547,Der Kanzler,"›Owe, daz mir gebristet‹","C,B₃,N",3
548,Der Wilde Alexander,"›Owe, daz nach liebe ergat‹","C,J,W",3
549,Ulrich von Liechtenstein,"›Owe, der so selig were‹","C,L",2
550,Ulrich von Munegiur,"›Owe, edelu̍ vrowe here‹","B,C",2
551,Hiltbolt von Schwangau,"›Owe, ich armer, wie sol ich nu werben‹",C,1
552,Wilhelm von Heinzenburg,"›Owe, was wirdet min‹","B,C",2
553,Gottfried von Neifen,"›Owe, winter, das din kraft‹",C,1
554,Gottfried von Neifen,"›Owe, winter, din gewalt‹",C,1
555,,›Phillippos ein koning in Franckenrich was genant‹,"D,k,h,s₁,db₃,db₄",6
556,Hiltbolt von Schwangau,›Rehte vroͤde minne ich gerne‹,"B,C",2
557,Der Kanzler,"›Rich arger man, der scham sich‹",C,1
558,Der Schulmeister von Esslingen,›Riche wât hat angeleit‹,C,1
559,Gottfried von Neifen,›Rife unde anehank‹,C,1
560,Der von Sachsendorf,"›Ritter guͦt, gedenket‹","C,S",2
561,Otto IV. von Brandenburg,›Rument den weg der minen lieben frowen‹,C,1
562,Konrad von Würzburg,"›Schoͮwent, wie du̍ heide sich enpferwet‹",C,1
563,Gottfried von Neifen,›Schowent uf den anger‹,C,1
564,Brunwart von Augheim,›Schowent uf die gruͤnen heide‹,C,1
565,Gottfried von Neifen,›Seht an die heide‹,C,1
566,Konrad von Würzburg,›Seht an die wunneklichen zit‹,C,1
567,Der von Buchein,"›Seht, wa meije mit vil wu̍nne‹",C,1
568,Burkhard von Hohenfels,›Selden wunsch unde froͤiden hort‹,C,1
569,Gottfried von Neifen,›Selig si du̍ heide‹,C,1
570,Heinrich III. von Meißen,›Selig si min liebu̍ frowe‹,C,1
571,Gottfried von Neifen,"›Selig, selig si du̍ wunne‹",C,1
572,Dietmar von Aist,"›Seneder fru̍ndinne botte, nu sage dem schoͤnen wibe‹","B,C",2
573,Der Wilde Alexander,"›Set, wie des richen kuninges kynt‹",J,1
574,Friedrich von Hausen,›Si darf mich des zihen niht‹,"B,B,C",3
575,Bernger von Horheim,"›Si fragent mich, war mir si komen‹",C,1
576,Burkhard von Hohenfels,›Si gelichet sich der sunnen‹,C,1
577,Ulrich von Liechtenstein,›Ein schoniu maget‹,"A,C,C,L",4
578,Der von Sachsendorf,›Si ist so rehte minnekliche‹,C,1
579,Reinmar von Brennenberg,"›Si jehent, daz du̍ minne‹",C,1
580,Günther von dem Forste,"›Si liebe, si schone, si guͦte‹","A,C",2
581,Christan von Luppin,›Si reine‹,C,1
582,Wilhelm von Heinzenburg,›Si sol mir des getru̍wen wol‹,"B,C",2
583,Wachsmut von Mühlhausen,"›Si treit krus har, crisp unde gel‹",C,1
584,Friedrich von Hausen,›Si wennent dem tode entrunnen sin‹,C,1
585,Der von Obernburg,›Sich froͤit der suͤssen sumerzit‹,C,1
586,Christan von Luppin,›Sich froͤwet min gemuͤte‹,C,1
587,Gottfried von Neifen,›Sich hat aber du̍ suͤssu̍ zit verkeret‹,C,1
588,Dietmar von Aist,"›Sich hat verwandelt du̍ zit, daz versten ich bi der vogel singen‹",C,1
589,,›Sich hob eyn ungevoger tzorn‹,"A,C,E,O₁,S",5
590,Walther von Mezze,›Sich huͦb ein ungefuͤger zorn‹,"A,C,E,O₁,S",5
591,Walther von der Vogelweide,›Sich huͦb ein ungefuͦger zorn‹,"A,C,E,O₁,S",5
592,Ulrich von Singenberg,›Sich hup ein ungevuͤger zorn‹,"A,C,E,O₁,S",5
593,Friedrich von Hausen,›Sich moͤhte wiser man verwuͤten‹,"B,C",2
594,Walther von Mezze,›Sich vreut meneger ingegen der wunneclichen zit‹,"A,C",2
595,Otto IV. von Brandenburg,"›Sich, biderber man, din gemuͤte heret‹",C,1
596,Wolfram von Eschenbach,›Sine chlawen‹,G,1
597,Schenk von Limburg,"›Sint willekomen, fro Sumerzit‹",C,1
598,Alram/Waltram von Gresten,›Sit als ungeloͮbet‹,"A,C",2
599,Markgraf von Hohenburg,›Sit alse ungeloubet‹,"A,C",2
600,Christan von Luppin,›Sit das al min‹,C,1
601,Wenzel von Böhmen,›Sit das der winter hat die bluͦmen in getan‹,C,1
602,Walther von Mezze,›Sit daz ich min selbes leit muͦs minnen‹,"C,I,I₁",3
603,Gösli von Ehenhein,›Sit der winter hinter ist verdrungen‹,C,1
604,Schenk von Limburg,›Sit sich du̍ zit also schone ze froͤiden hant gestellet‹,"C,C₁",2
605,Dietmar von Aist,"›Slafest du, friedel ziere‹",C,1
606,Friedrich von Apfelwag,›So der hedrich suosse wehset‹,n14,1
607,Der von Sachsendorf,›So du̍ nahtegal beginnet singen‹,C,1
608,Rudolf von Rotenburg,›So du̍ nahtegal ir sanc‹,"A,C",2
609,Der Kanzler,"›So schoͤn, so stark, so wise‹",C,1
610,,›So war ich varin unt wat ich vrauwen han gesien‹,"C,C,C,C,N,f₁,k,g₁",8
611,,"›So we dem tage, der ziit und der unselligen stunt‹","C,N,f₁,k,k,g₁",6
612,Walther von Mezze,"›So we dir, welt, daz ich dir niht entrinnen mac‹","A,B,C,C,D",5
613,Der Kanzler,"›So wol dem edeln, der mit zu̍hten kan enthalten‹",C,1
614,Der tugendhafte Schreiber,›So wol der lieben sumerwunne‹,C,1
615,Der Kanzler,"›So wol dir, hohgeloptes adel‹","C,B₃",2
616,Dietmar von Aist,"›So wol dir, sumerwunne‹",C,1
617,Dietmar von Aist,"›So wol mich liebes, des ich han‹","B,C",2
618,Reinmar,"›So wol mich liebes, des ich han‹","B,C",2
619,Gottfried von Neifen,›Sol ich disen sumer lang‹,C,1
620,Ulrich von Winterstetten,›Sol ich iemer fro beliben ane swere‹,C,1
621,König Konrad der Junge,›Sol ich nu klagen die heide? dast ein jamer gros‹,C,1
622,Ulrich von Winterstetten,›Sol ich nu verstummen‹,C,1
623,Niune,"›Sol min sprechen, sol min singen‹","A,B,C,N,P₁",5
624,Wachsmut von Künzingen,›Sol mir iemer sin ein wib vor allen wiben‹,C,1
625,Leuthold von Seven,›Solde ich den jungen raten‹,A,1
626,,›Somelicher wive unstede‹,"A,B,C,N,P₁",5
627,Heinrich von Anhalt,"›Sta bi, la mich den wint an wejen‹","A,C",2
628,Wilhelm von Heinzenburg,›Stete was ie ain tugent‹,"B,C",2
629,Heinrich von der Mure,›Steten fru̍nden wil ich klagen‹,C,1
630,Reinmar der Fiedler,›Stetiz lop er nie gewan‹,"A,C",2
631,,"›Suͤsze Minne, mine sinne‹","C,P₁,P₁",3
632,,›Su̍ ist mir liep unde liebet mir fu̍r alle wip‹,"C,I,I₁,f₁,k,k₁,g₁,g₁,db₁,db₂",10
633,,"›Nu wol dem dage, alrerst ist mir wol worden kunt‹","C,C,I,I₁,f₁,f₁,k,k,k₁,g₁,g₁,db₁,db₂",13
634,Wilhelm von Heinzenburg,"›Su̍ sagent, das niht herter si‹","B,C",2
635,Konrad von Würzburg,›Sumer hinnen kere! mit sere sin ere swachen wil‹,C,1
636,Ulrich von Liechtenstein,›Sumer ist nu gar zergan‹,"C,L",2
637,Ulrich von Winterstetten,›Sumer oͮget sine wunne‹,C,1
638,Ulrich von Winterstetten,›Sumer wil uns aber bringen‹,C,1
639,Ulrich von Winterstetten,›Sumer zieret heide unde anger unde den walt‹,"C,C",2
640,Der Taler,›Sumer zieret heide unde anger unde den walt‹,"C,C",2
641,Rudolf der Schreiber,"›Sumer, der wil aber komen schone‹",C,1
642,Gottfried von Neifen,"›Sumer, din gewalt wil swinden‹",C,1
643,Gottfried von Neifen,"›Sumer, diner froͤidebernden wunne‹","C,I,I₁",3
644,Ulrich von Winterstetten,"›Sumer, diner lieben ku̍nfte‹",C,1
645,Gottfried von Neifen,"›Sumer, nu wil din gewalt‹",C,1
646,Wachsmut von Mühlhausen,"›Sumer, sumer, sumerzit‹",C,1
647,Gottfried von Neifen,"›Sumer, uns hat din schoͤne‹",C,1
648,Ulrich von Winterstetten,›Sumerlichu̍ wunne‹,C,1
649,Ulrich von Liechtenstein,›Sumervar‹,"C,L",2
650,Ulrich von Winterstetten,›Sumerwunne ist hin gekeret‹,C,1
651,Ulrich von Winterstetten,"›Sumerwunne, so du dine liehten tage erglentzen wilt‹",C,1
652,Der Kanzler,"›Sumerwunne, swer dich schoͮwen‹",C,1
653,Ulrich von Winterstetten,›Sumerzit uns git ane widerstrit‹,C,1
654,,"›Summer, diner liehtebernden wunne‹","C,I,I₁",3
655,Der von Buchein,›Swa biderbe herren sterbent‹,C,1
656,Der Kanzler,›Swa golt gelu̍tert wirt also‹,C,1
657,Konrad von Würzburg,›Swa tac erschinen sol‹,C,1
658,Dietmar von Aist,›Swa zewene dienent einem wibe‹,"A,C,C",3
659,Reinmar von Brennenberg,›Swar ich var unde swas ich frowen han gesehen‹,"C,N,k",3
660,Schenk von Limburg,›Swas der sumer froͤiden bringet‹,C,1
661,,›Swaz ich ie gesang von wiben‹,"C,P₁",2
662,,"›Swelch man di jar hat ane muͦt, di doch manzitic sint‹",D,1
663,Der Kanzler,›Swelh leben ein guͦt ende hat‹,C,1
664,Walther von Mezze,"›Swer da minne pfliget, da ers doch niemer kan volbringen‹",C,1
665,Heinrich von Veldeke,›Swer den froͮwen an ir ere‹,"A,C,C",3
666,Dietmar von Aist,›Swer des biderben swache pfliget‹,"A,B,C,C,H",5
667,Ulrich von Winterstetten,"›Swer die wunne wol pruͤven kunne, der si des gemant‹","C,S₁",2
668,Von Wissenlo,›Swer hinat der verholner minne hat gepflegen‹,C,1
669,Günther von dem Forste,›Swer ie seneden muͦt gewan‹,"A,C",2
670,Burkhard von Hohenfels,›Swer ir lob wil rehte messen‹,C,1
671,Engelhart von Adelnburg,›Swer mit tru̍wen umbe ein wib‹,C,1
672,Ulrich von Winterstetten,›Swer nu verholner minne pfligt‹,"C,P₁",2
673,Konrad von Würzburg,›Swer sich daran stôsset‹,C,1
674,Wilhelm von Heinzenburg,›Swer sich underwindet‹,"B,C",2
675,Bruno von Hornberg,›Swer toͮgenlicher minne pflege‹,C,1
676,Bruno von Hornberg,"›Swer wenet, daz ich durh gebende‹",C,1
677,Friedrich von Leiningen,›Swes muͦt ze froͤiden si gestaltt‹,C,1
678,Wachsmut von Künzingen,›Swie der walt in gruͤner varwe ste‹,"B,B,C",3
679,Der Dürner,"›Swie der winter kalt, das ich wol sich‹",C,1
680,Rubin,›Swie gar du̍ welt an froͤiden si verkeret‹,"A,C",2
681,Rubin,›Swie gar ich ane herzecliche vroͤde si‹,"A,B,C",3
682,Ulrich von Winterstetten,›Swie gerne ich were‹,C,1
683,Ulrich von Singenberg,›Swie vil ein wip unvreide machet‹,"A,A,C,C",4
684,Gedrut,›Swie vil ein wip unvroide machet‹,"A,A,C,C",4
685,Der Wilde Alexander,"›Syon, trure‹",J,1
686,Konrad von Würzburg,›Toͮ mit vollen aber tru̍fet‹,C,1
687,Ulrich von Winterstetten,›Toͮgenlichen lag verborgen‹,C,1
688,Konrad von Kirchberg,"›Towig gras, gel brune bluͦmen schoͤne‹",C,1
689,,›Transiit nix et glacies spirante Favonio‹,"B,C,M",3
690,Ulrich von Liechtenstein,›Tru̍we ist al der werlte ein ere‹,"C,L",2
691,Konrad von Würzburg,›Uf erde nie kein man gesach so toͮgenliche klosen‹,C,1
692,Ulrich von Winterstetten,›Uf lieben wan ich alles gan der schonen under oͮgen‹,C,1
693,Heinrich von der Mure,›Uf zwene wege ich kan geritten‹,C,1
694,Gottfried von Neifen,›Uns jungen mannen mag‹,C,1
695,Otto IV. von Brandenburg,›Uns kumt aber ein liehter meie‹,C,1
696,Der von Obernburg,›Uns tuͦt winter aber leide‹,C,1
697,Der von Stadegge,›Uns wil ein liehter sumer komen‹,C,1
698,Leuthold von Seven,›Uns wil schiere wol gelingen‹,"A,C,M,M,S",5
699,Dietmar von Aist,›Urlob hat des sumers brehen‹,C,1
700,Wolfram von Eschenbach,"›Urspring bluͦmen, loͮb usdringen‹",C,1
701,Hiltbolt von Schwangau,›Us allen frowen ich mir eine erkande‹,C,1
702,Wenzel von Böhmen,›Us hoher aventu̍re ein suͤsse werdekeit‹,"C,f,f",3
703,Konrad von Würzburg,›Us rosen brennet man ein wasser; so man daz gemeret‹,"C,J",2
704,,›Uss drien stammen: so wirt dryer hande fryd‹,"C,k,s₁",3
705,,›Auß rorn noch auß saytten nymer gueter lob erklinget‹,"C,k,m₂",3
706,,›Uß seyten noch uß rore nymmer rylich lop erclinget‹,"C,k,m₂",3
707,Der Kanzler,"›Var hin, verwassen winter lank‹",C,1
708,Der Kanzler,"›Veiger winter, hinnen scheide‹",C,1
709,Konrad von Würzburg,"›Venus du̍ feine, du̍ ist entslafen‹",C,1
710,Der Kanzler,"›Verborgen valsch, heinlich truge, akustig zunge‹",C,1
711,Albrecht von Haigerloch,›Verbotten wasser besser sint‹,C,1
712,Ulrich von Winterstetten,›Verholnu̍ minne sanfte tuͦt‹,C,1
713,,"›Vil cluge meinster sprechent, daz sie nemme michel wunder‹","C,C,C,C,J,J,J,B₃,B₃,B₃,K,K,M₂,M₂,k,k,m₂",17
714,Rubin,"›Vil lieber sumer, swaz ich ie‹",C,1
715,Rubin,›Vil liebu̍ sumerwunne‹,C,1
716,Ulrich von Liechtenstein,"›Vil selig Minne, hab ich nu getan‹","C,L",2
717,Der von Suonegge,"›Vil suͤsse Minne, du hast mich so betwungen‹",C,1
718,,›Virent prata hiemata‹,"A,C,M,M,S",5
719,Wolfram von Eschenbach,›Von der zinnen‹,"B,C",2
720,,›Von der zinnen‹,"B,C",2
721,Walther von Breisach,›Von got ein magt erkorn‹,C,1
722,Gedrut,›Von Kunzechen her Wahsmuͦt‹,A,1
723,Hiltbolt von Schwangau,›Von sorgen wande ich ledig sin‹,"B,C",2
724,Gottfried von Neifen,›Von Walhen fuͦr ein pilgerin mit sinem koͤtzeline‹,C,1
725,Konrad von Würzburg,›Vorhte unde schamendes herzen ger‹,"C,k",2
726,Der Kanzler,"›Vroͤit u̍ch, stolzen leigen‹",C,1
727,,"›Vrowe aller vroude, ich love an dir, daz tuns den got gebere‹","C,J,B₃,K,M₂,k,k",7
728,Konrad von Würzburg,›Vu̍r alle fuͦge ist edel sang getu̍ret unde geheret‹,"C,k,m₂",3
729,Wachsmut von Mühlhausen,›Wa gesan ie mannes oͮgen‹,C,1
730,Ulrich von Liechtenstein,"›Wa nu froͤide, wa nu ere‹",C,1
731,,"›Wa sint nuͦ alle, die von minnin sungin e‹",D,1
732,Der Schulmeister von Esslingen,›Wa wil du̍ kugel nu geligen‹,C,1
733,Schenk von Limburg,›Wafen si geschrijet‹,C,1
734,Rubin,›Wafen uber der Minne rat‹,C,1
735,Ulrich von Liechtenstein,›Wafen uber die gar unguͦten‹,"C,L",2
736,Konrad von Würzburg,"›Wafen uber die schande si geschrîet, du̍ vil eren vriet‹",C,1
737,Schenk von Limburg,"›Wafen, wie bin ich gescheiden‹",C,1
738,Friedrich von Hausen,›Wafena! wie hat mich minne gelassen‹,C,1
739,Der Schulmeister von Esslingen,›Walt hat sich mit kleiden schône gegestet‹,C,1
740,Ulrich von Winterstetten,›Walt unde oͮwe unde du̍ heide‹,C,1
741,Konrad von Kirchberg,"›Walt unde oͮwe, daz gevilde‹",C,1
742,Gottfried von Neifen,"›Walt, heide, anger, vogelsingen‹",C,1
743,Der von Buchein,"›Wan sagent ir mir, vro Minne‹",C,1
744,Gedrut,›Wan singet minnewise da ze hove unde in mime schalle‹,"A,C",2
745,Geltar,›Wan singet minnewise da ze hove unde inme schalle‹,"A,C",2
746,Burggraf von Lienz,›Wan sol sich gegen dem tage gesten‹,C,1
747,Ulrich von Liechtenstein,"›Warnet u̍ch gar, junge unde alde‹","C,L",2
748,Dietmar von Aist,›Wart ane wandel ie kein wib‹,C,1
749,Engelhart von Adelnburg,›Wart ich ie von guͦtem wibe‹,C,1
750,Konrad von Würzburg,›Wart ie besser iht fu̍r ungemuͤte danne wibes guͤte‹,"C,k",2
751,Ulrich von Liechtenstein,"›Was dar umbe, unde ist verswunden‹","C,L",2
752,Gottfried von Neifen,›Was der winter sorgen bringe‹,C,1
753,Gottfried von Neifen,›Was froͤit mich der vogelin guͤte‹,C,1
754,Heinrich III. von Meißen,›Was hat du̍ welt ze gebenne me‹,C,1
755,Burkhard von Hohenfels,›Was hat mich uf si gebunden‹,C,1
756,Walther von Mezze,"›Was hilfet mich, das ich ze froͤmden froͤiden var‹","A,B,C,C,D",5
757,Reinmar,"›Was hilfet mich, das ich ze vroͤmden vroͤden var‹","A,B,C,C,D",5
758,Dietmar von Aist,"›Was ist fu̍r das truren guͦt, das wip nach lieben manne hat‹","B,C,M",3
759,Friedrich von Hausen,"›Was mag das sin, das du̍ welt haisset minne‹","B,C",2
760,,"›Was mich, vrouwe, an vruden yrret‹","A,C,M,M,G₁,S",6
761,Der Kanzler,"›Was solt erbermde, ob niender su̍ndic mensche were‹",C,1
762,Gottfried von Neifen,›Was vervahet mich des wunnenklichen meigen zit‹,C,1
763,Wachsmut von Künzingen,›Waz hat mich du̍ liebe zit vervangen‹,"A,C",2
764,,"›Waz hilfet mich, daz ich zu vromeden vroͮden var‹","A,B,C,C,D",5
765,,›Waz in dem paradys ie wart gebildet und gemachet‹,"C,k,m₂",3
766,Rudolf von Rotenburg,›Waz verzagetes herzen hat min lip‹,"A,B₂,C",3
767,Der Kanzler,"›We dir, leider winter kalt‹",C,1
768,Gottfried von Neifen,"›We dir, winter ungehu̍re‹",C,1
769,Der Kanzler,"›We dir, winter, daz din twingen‹",C,1
770,Ulrich von Liechtenstein,"›We, daz mir du̍ guͦte‹","C,L",2
771,Ulrich von Liechtenstein,"›We, war umbe sun wir sorgen‹","C,L",2
772,Kunz von Rosenheim,"›We, war umbe trurent sie‹","A,C,C",3
773,Wachsmut von Künzingen,"›We, warumbe trurent si‹","A,C,C",3
774,Kunz von Rosenheim,"›We, was hilfet al min singen‹","A,C,C",3
775,Gottfried von Neifen,"›We, was wunders lit an wiben‹","C,P₁,P₁",3
776,Hugo von Mühldorf,"›We, waz hilfet al min singen‹","A,C,C",3
777,Walther von der Vogelweide,›Van das ich minnencliche doene‹,"A,C,E,O₁,S",5
778,Regenbogen,"›Wer edel, hoech geteurt stain sechen wil‹",V₁,1
779,Ulrich von Winterstetten,›Wer gesach den winter ie‹,C,1
780,Gottfried von Neifen,›Wer gesach ie wunneklicher me den suͤssen meigen‹,C,1
781,Leuthold von Seven,›Wer kan nu ze danke singen‹,"A,C",2
782,Walther von der Vogelweide,›Wer kan nu ze danke singen‹,"A,C",2
783,Rubin,›Wer mir iht bas gelungen‹,C,1
784,,›Wer nun verholnen minnen phliget‹,"C,P₁",2
785,,›Wer sin herze wil instricken‹,"C,N",2
786,,"›Werde knechte, wol ghedenket‹","C,S",2
787,Rubin,›Werder gruͦs von vrowen munde‹,"A,C,f",3
788,Walther von der Vogelweide,›Werder gruͦz von frowen munde‹,"A,C,f",3
789,,›Werder gruß von frawen munde‹,"A,C,f",3
790,Ulrich von Liechtenstein,›Wibes guͤte nieman mac‹,"C,L",2
791,Ulrich von Liechtenstein,›Wichet umbe balde sorge unde angest von der strasse‹,"C,L",2
792,Ulrich von Liechtenstein,"›Wichet umbe, lat der guͦten‹","C,L",2
793,,›Wie gern ich mit den vogeln sunge frolich an dem morgen‹,"C,J,J,N,k,w₂",6
794,Ulrich von Liechtenstein,"›Wie kanst du, Minne, mit sorgen die sinne‹","C,L",2
795,,"›Wie kom, daz mich ir ougen gruez‹","A,A,A,B,C",5
796,Rubin,›Wie kunde leider mir geschehen‹,"A,C",2
797,Rubin,"›Wie kunt, das mich ir oͮgen gruͦs‹","A,A,A,B,C",5
798,Wachsmut von Künzingen,›Wie mag mir ain wip so liep gesin‹,"B,B,C",3
799,Hiltbolt von Schwangau,›Wie schoͤne unde guͦt si were‹,C,1
800,Konrad von Würzburg,›Wie sol ich richen edelen schalk mit valschem muͦt erweschen‹,C,1
801,Burkhard von Hohenfels,›Wie sol ich selig wib‹,C,1
802,Bernger von Horheim,›Wie solte ich armer der swere getru̍wen‹,"B,C",2
803,Kunz von Rosenheim,›Wie vil ein wip froͤide machet‹,"A,A,C,C",4
804,Ulrich von Liechtenstein,›Wil ieman nach eren die zit wol vertriben‹,"C,L",2
805,Friedrich der Knecht,"›Wil mir ein wib genedig sin, so wirt min rat‹","A,C",2
806,Leuthold von Seven,"›Wil mir ein wip gnedic sin, so wirt min rat‹","A,C",2
807,Hiltbolt von Schwangau,"›Wil si bekennen den guͤtlichen willen, den ich gegen ir han‹","B,C",2
808,Der Kanzler,›Willekomen si der sumer schoͤne‹,C,1
809,Brunwart von Augheim,›Willekomen si der sumer schoͤne‹,C,1
810,Konrad von Würzburg,›Willekomen si du̍ zit‹,C,1
811,Konrad von Würzburg,›Willekomen si du̍ zit‹,C,1
812,Gottfried von Neifen,›Willekomen si uns der meige‹,C,1
813,Der Kanzler,"›Winter kalt, din gewalt‹",C,1
814,Ulrich von Winterstetten,›Winter leide gruͤne heide‹,C,1
815,Konrad von Würzburg,"›Winter uf der heide bluͦmen selwet, der mit vroste velwet‹",C,1
816,Der von Stadegge,›Winter unde du̍ frowe mîn‹,C,1
817,Ulrich von Winterstetten,›Winter wil uns aber twingen‹,C,1
818,Ulrich von Winterstetten,"›Winter, din gewalt‹",C,1
819,Ulrich von Winterstetten,"›Winter, dine kalde rifen‹",C,1
820,Otto IV. von Brandenburg,"›Winter, dine truͤben stunde‹",C,1
821,Der tugendhafte Schreiber,"›Winter, du kanst swachen‹",C,1
822,Gottfried von Neifen,"›Winter, du wilt aber twingen‹",C,1
823,Gottfried von Neifen,"›Winter, du wilt aber vil verderben‹",C,1
824,Otto IV. von Brandenburg,"›Winter, was hat dir getan‹",C,1
825,Der Püller,›Winters kraft ist aber komen‹,C,1
826,Gottfried von Neifen,›Wir suln aber schone enpfahen‹,C,1
827,Burkhard von Hohenfels,›Wir sun den winder‹,C,1
828,Rubin,"›Wissest, daz ich singen wil‹","A,A,C,E",4
829,Ulrich von Liechtenstein,"›Wisset alle, daz ich kan‹","C,L",2
830,Ulrich von Liechtenstein,"›Wisset, vroͮwe wol getan‹","C,L",2
831,Otto von Botenlauben,"›Wizzet, daz ich singen wil‹","A,A,C,E",4
832,,›Wo wart ie bessers ie vor ungemüte wann reyner wybe güte‹,"C,k",2
833,Der Schulmeister von Esslingen,"›Wol ab, der ku̍nig, der git u̍ch niht‹",C,1
834,Ulrich von Winterstetten,›Wol becleidet stet du̍ heide‹,C,1
835,Gottfried von Neifen,›Wol den wolgemuͦten wiben‹,C,1
836,Der von Buchein,"›Wol dir, meie, wol dir, wunne‹","C,C",2
837,Der von Trostberg,"›Wol dir, meie, wol dir, wunne‹","C,C",2
838,Ulrich von Liechtenstein,"›Wol dir, sumer, diner suͤssen‹","C,L",2
839,Brunwart von Augheim,"›Wol dir, sumer, wie du herest‹",C,1
840,Der tugendhafte Schreiber,"›Wol dir, wibes guͤte‹",C,1
841,Ulrich von Liechtenstein,"›Wol her alle, helfent singen‹","C,L",2
842,Ulrich von Liechtenstein,"›Wol her, danket allen guͦten wiben‹","C,L",2
843,Der von Stadegge,"›Wol her, kint, ir helfent singen‹",C,1
844,Der tugendhafte Schreiber,"›Wol im, dem sin lieb ze liebe ergat‹",C,1
845,Rubin,"›Wol im, der sin lieb mit vuͦge mag gesehen‹",C,1
846,Friedrich von Hausen,"›Wol ir, si ist ein selig wip‹","C,P₁,f",3
847,Ulrich von Liechtenstein,"›Wol mich der sinne, die mir ie gerieten die lere‹","A,C,C,L",4
848,Christan von Hamle,"›Wol mich des sliessens, des si slos‹",C,1
849,Rudolf von Rotenburg,›Wol mich des tages unde oͮch der zit‹,C,1
850,Reinmar von Brennenberg,"›Wol mich des tages, der mir alrerst ist worden kunt‹","C,I,I₁,f₁,k,k₁,g₁,g₁,db₁,db₂",10
851,Hiltbolt von Schwangau,"›Wol mich des, daz ichs ie gesach‹",C,1
852,Schenk von Limburg,›Wol mich dirre stunde‹,"C,C₁",2
853,Hugo von Werbenwag,›Wol mich hu̍te unde iemer mere‹,C,1
854,Heinrich III. von Meißen,"›Wol mich hu̍te, wol mich iemer mere‹",C,1
855,Ulrich von Liechtenstein,›Wol mich iemer! min gemuͤte‹,"C,L",2
856,Reinmar von Brennenberg,"›Wol mich, das du̍ vil seldenriche ie wart geborn‹","C,f₁",2
857,Markgraf von Hohenburg,"›Wol mich, das ich ze frowen han‹","B,C",2
858,Friedrich von Hausen,"›Wol mich, das ich ze vrowen han‹","B,C",2
859,Günther von dem Forste,"›Wol mich, daz ich ie den muͦt gewan‹","A,C",2
860,Ulrich von Liechtenstein,"›Wol mich, es ist ergangen‹","C,L",2
861,Ulrich von Liechtenstein,"›Wol mich, wol mich, wol mich des, daz ich da han funden‹","C,L",2
862,,"›Wol, su̍ ist ein selig wip‹","C,P₁,f",3
863,Neidhart,"›Woldann, rayen für den waldt‹","C,c",2
864,Leuthold von Seven,"›Wu̍nschent, das min nu̍wes werben‹","B,C",2
865,Christan von Hamle,›Wunneclichen sol man schowen‹,C,1
866,Ulrich von Liechtenstein,›Wunneklichen hohe min gemuͤte‹,"C,L",2
867,Rubin,›Wurde ich von der guͦten vro‹,"A,C",2
868,Ulrich von Gutenburg,"›Ze dienest ir, von der ich han‹",C,1
869,,›Zelicliche deme geschiet‹,"A,A,C,E",4
870,Konrad von Würzburg,›Zuͦ dem fuhs ein affe sprach‹,C,1
871,Konrad von Würzburg,›Zwelf schacher zeines tu̍rsen hus in einem walde kamen‹,C,1
872,,›Zwen ich zi alle scouwe‹,S,1
873,Der von Scharfenberg,›Zwo gespilen mere‹,"A,C,C,R,c",5
874,,›[...]‹,B₁,1
875,,›[...]‹,"C,S₁",2
876,Hiltbolt von Schwangau,›[...] daran sundest du dich‹,"B,C",2
877,,›[...] minen kumber‹,"C,M₁,f",3
